<?xml version='1.0' encoding='utf-8'?>
<!DOCTYPE hibernate-configuration PUBLIC
        "-//Hibernate/Hibernate Configuration DTD//EN"
        "http://www.hibernate.org/dtd/hibernate-configuration-3.0.dtd">

<hibernate-configuration>
    <session-factory>
        <property name="hibernate.dialect">org.hibernate.dialect.DerbyDialect</property>
        <property name="hibernate.connection.driver_class">org.apache.derby.jdbc.EmbeddedDriver</property>
        <property name="hibernate.connection.url">jdbc:derby:memory:muleEmbeddedDB;create=true</property>
        <property name="hibernate.hbm2ddl.auto">create-drop</property>
        <property name="hibernate.format_sql">true</property>
        <!-- This is a tweaked version of Hibernate's DriverManagerConnectionProvider which works with Mule's hot deployment -->
        <property name="hibernate.connection.provider_class">org.hibernate.connection.SimpleConnectionProvider</property>

        <!-- This property improves thread contention with Mule services a bit -->
        <property name="hibernate.transaction.flush_before_completion">true</property>

        <!-- Standard jBPM mappings -->
        <mapping resource="jbpm.repository.hbm.xml" />
        <mapping resource="jbpm.history.hbm.xml" />
        <mapping resource="jbpm.task.hbm.xml" />
        <mapping resource="jbpm.identity.hbm.xml" />

        <!-- Hibernate defaults Derby's BLOB columns to be too small -->
        <mapping resource="jbpm.execution.derby.hbm.xml" />

    </session-factory>
</hibernate-configuration>
