<?xml version="1.0" encoding="UTF-8"?>

<mule xmlns="http://www.mulesoft.org/schema/mule/core"
      xmlns:vm="http://www.mulesoft.org/schema/mule/vm"
      xmlns:http="http://www.mulesoft.org/schema/mule/http"
      xmlns:jms="http://www.mulesoft.org/schema/mule/jms"
      xmlns:xsi="http://www.w3.org/2001/XMLSchema-instance"
      xsi:schemaLocation="
http://www.mulesoft.org/schema/mule/vm
http://www.mulesoft.org/schema/mule/vm/current/mule-vm.xsd
http://www.mulesoft.org/schema/mule/http
http://www.mulesoft.org/schema/mule/http/current/mule-http.xsd
http://www.mulesoft.org/schema/mule/jms
http://www.mulesoft.org/schema/mule/jms/current/mule-jms.xsd
http://www.mulesoft.org/schema/mule/core
http://www.mulesoft.org/schema/mule/core/current/mule.xsd
">


    <notifications dynamic="true">
        <notification event="COMPONENT-MESSAGE"/>
    </notifications>

    <jms:activemq-connector name="jmsConnector"
                            specification="1.1"
                            brokerURL="vm://localhost"/>



<!--<start id="ch05_aggregateLineItems_lis"/>-->
    <flow name="aggregateLineItems">
        <jms:inbound-endpoint queue="lineitem.complete" 
            connector-ref="jmsConnector"/>
        <collection-aggregator timeout="60000" 
            failOnTimeout="true" 
            /><!--<co id="ch05-aggregator-1-cor"/>-->
        <custom-transformer 
class="com.prancingdonkey.transformer.LineItemsToOrderTransformer" 
       /><!--<co id="ch05-aggregator-2-cor"/>-->
        <component
   class="com.prancingdonkey.service.OrderProcessingService"
       /><!--<co id="ch05-aggregator-3-cor"/>-->

    </flow>
    <!--<end id="ch05_aggregateLineItems_lis"/>-->

  </mule>
