<?xml version="1.0" encoding="UTF-8"?>

<mule xmlns="http://www.mulesoft.org/schema/mule/core"
      xmlns:vm="http://www.mulesoft.org/schema/mule/vm"
      xmlns:http="http://www.mulesoft.org/schema/mule/http"
      xmlns:jms="http://www.mulesoft.org/schema/mule/jms"
      xmlns:xsi="http://www.w3.org/2001/XMLSchema-instance"
      xsi:schemaLocation="
http://www.mulesoft.org/schema/mule/http 
http://www.mulesoft.org/schema/mule/http/current/mule-http.xsd 
http://www.mulesoft.org/schema/mule/jms
http://www.mulesoft.org/schema/mule/jms/current/mule-jms.xsd
http://www.mulesoft.org/schema/mule/core
http://www.mulesoft.org/schema/mule/core/current/mule.xsd 
">

    <notifications dynamic="true">
        <notification event="COMPONENT-MESSAGE"/>
    </notifications>

    <jms:activemq-connector name="jmsConnector"
                            specification="1.1"
                            brokerURL="vm://localhost"/>

    <!--<start id="ch05_idempotentOrderRouter_lis"/>-->
    <flow name="idempotentOrderRouter">
        <jms:inbound-endpoint topic="orders"
                              connector-ref="jmsConnector"/>
        <or-filter>
            <expression-filter
expression="xpath('/order/priority').text == 'HIGH'"/>
            <message-property-filter pattern="PD_PRIORITY='HIGH'"
              caseSensitive="true" scope="inbound"/>
        </or-filter>
        <idempotent-message-filter
                idExpression="xpath('/order/id').text"
                />
        <!--<co id="ch05-idempotent-receiver-1-cod"/>-->
        <component
class="com.prancingdonkey.service.HighPriorityOrderProcessingService"/>

    </flow>
    <!--<end id="ch05_idempotentOrderRouter_lis"/>-->


</mule>
