<?xml version="1.0" encoding="UTF-8"?>
<mule xmlns="http://www.mulesoft.org/schema/mule/core"
      xmlns:xsi="http://www.w3.org/2001/XMLSchema-instance"
      xmlns:vm="http://www.mulesoft.org/schema/mule/vm"
      xmlns:context="http://www.springframework.org/schema/context"
      xmlns:spring="http://www.springframework.org/schema/beans"
      xmlns:http="http://www.mulesoft.org/schema/mule/http"
      xmlns:cxf="http://www.mulesoft.org/schema/mule/cxf"
      xmlns:ajax="http://www.mulesoft.org/schema/mule/ajax"
      xmlns:jms="http://www.mulesoft.org/schema/mule/jms"
      xmlns:mule-xml="http://www.mulesoft.org/schema/mule/xml"
      xsi:schemaLocation="
        http://www.mulesoft.org/schema/mule/core http://www.mulesoft.org/schema/mule/core/current/mule.xsd
        http://www.mulesoft.org/schema/mule/vm http://www.mulesoft.org/schema/mule/vm/current/mule-vm.xsd
        http://www.mulesoft.org/schema/mule/http http://www.mulesoft.org/schema/mule/http/current/mule-http.xsd
        http://www.mulesoft.org/schema/mule/ajax http://www.mulesoft.org/schema/mule/ajax/current/mule-ajax.xsd
        http://www.mulesoft.org/schema/mule/jms http://www.mulesoft.org/schema/mule/jms/current/mule-jms.xsd
        http://www.mulesoft.org/schema/mule/cxf http://www.mulesoft.org/schema/mule/cxf/current/mule-cxf.xsd
        http://www.springframework.org/schema/context http://www.springframework.org/schema/context/spring-context-3.0.xsd
        http://www.mulesoft.org/schema/mule/xml http://www.mulesoft.org/schema/mule/xml/current/mule-xml.xsd
        http://www.springframework.org/schema/beans http://www.springframework.org/schema/beans/spring-beans-2.5.xsd
      ">

    <context:property-placeholder location="/mule.properties"/>

    <http:connector name="httpConnector"/>

    <jms:activemq-connector name="jmsConnector"
                            specification="1.1"
                            brokerURL="${jms.url}"/>

    <!--<start id="ch11_seda_lis"/>-->
    <flow name="processExpenseReportsStage1">
        <jms:inbound-endpoint queue="report.processing"
                              exchange-pattern="one-way"/>
        <component
           class="com.prancingdonkey.service.FraudDetectionService"/>
        <vm:outbound-endpoint path="report.generation.stage.2"/>
        <!--<co id="ch11_seda_1-cor"/>-->
    </flow>

    <flow name="processExpenseReportsStage2">
        <vm:inbound-endpoint path="report.generation.stage.2"/>
        <component
           class="com.prancingdonkey.service.DataPeristenceService"/>
        <vm:outbound-endpoint path="report.generation.stage.3"/>
        <!--<co id="ch11_seda_2-cor"/>-->
    </flow>

    <flow name="processExpenseReportsStage3">
        <vm:inbound-endpoint path="report.generation.stage.3"/>
        <component
           class="com.prancingdonkey.service.DataWarehousingService"/>
        <!--<co id="ch11_seda_3-cor"/>-->
        <jms:outbound-endpoint topic="report.generation.complete"/>
    </flow>
    <!--<end id="ch11_seda_lis"/>-->

</mule>
