<?xml version="1.0" encoding="UTF-8"?>
<mule xmlns="http://www.mulesoft.org/schema/mule/core"
      xmlns:xsi="http://www.w3.org/2001/XMLSchema-instance"
      xmlns:vm="http://www.mulesoft.org/schema/mule/vm"
      xmlns:context="http://www.springframework.org/schema/context"
      xmlns:spring="http://www.springframework.org/schema/beans"
      xmlns:http="http://www.mulesoft.org/schema/mule/http"
      xmlns:ftp="http://www.mulesoft.org/schema/mule/ftp"
      xmlns:file="http://www.mulesoft.org/schema/mule/file"
      xmlns:jms="http://www.mulesoft.org/schema/mule/jms"
      xmlns:mule-xml="http://www.mulesoft.org/schema/mule/xml"
      xsi:schemaLocation="
        http://www.mulesoft.org/schema/mule/core http://www.mulesoft.org/schema/mule/core/current/mule.xsd
        http://www.mulesoft.org/schema/mule/vm http://www.mulesoft.org/schema/mule/vm/current/mule-vm.xsd
        http://www.mulesoft.org/schema/mule/http http://www.mulesoft.org/schema/mule/http/current/mule-http.xsd
        http://www.mulesoft.org/schema/mule/file http://www.mulesoft.org/schema/mule/file/current/mule-file.xsd
        http://www.mulesoft.org/schema/mule/jms http://www.mulesoft.org/schema/mule/jms/current/mule-jms.xsd
        http://www.mulesoft.org/schema/mule/ftp http://www.mulesoft.org/schema/mule/ftp/current/mule-ftp.xsd
        http://www.springframework.org/schema/context http://www.springframework.org/schema/context/spring-context-3.0.xsd
        http://www.mulesoft.org/schema/mule/xml http://www.mulesoft.org/schema/mule/xml/current/mule-xml.xsd
        http://www.springframework.org/schema/beans http://www.springframework.org/schema/beans/spring-beans-2.5.xsd
      ">


    <notifications dynamic="true">
        <notification event="ENDPOINT-MESSAGE"/>
    </notifications>

    <context:property-placeholder location="/mule.properties"/>

    <!--<start id="ch03_ftp-inbound_lis"/>-->
    <flow name="retrieveSalesStatistics">
        <ftp:inbound-endpoint user="joe" password="123456"
                              host="${ftp.host}"
                              port="${ftp.port}"
                              path="/ftp/incoming"
                              pollingFrequency="3600000"/><!--<co id="ch03_ftp-inbound-1_cor"/>-->
        <file:outbound-endpoint path="./data/sales/statistics"/><!--<co id="ch03_ftp-inbound-2_cor"/>-->
    </flow>
    <!--<end id="ch03_ftp-inbound_lis"/>-->

    <!--<start id="ch03_ftp-outbound_lis"/>-->
    <flow name="ftpProductCatalog">
        <file:inbound-endpoint path="./data/in"/><!--<co id="ch03_ftp-outbound-1_cor"/>-->
        <ftp:outbound-endpoint user="joe" password="123456"
                               host="${ftp.host}" port="${ftp.port}"
                               path="/data/prancingdonkey/catalog"/><!--<co id="ch03_ftp-outbound-2_cor"/>-->

    </flow>
    <!--<end id="ch03_ftp-outbound_lis"/>-->
</mule>
