<?xml version="1.0" encoding="UTF-8"?>
<mule xmlns="http://www.mulesoft.org/schema/mule/core"
      xmlns:xsi="http://www.w3.org/2001/XMLSchema-instance"
      xmlns:vm="http://www.mulesoft.org/schema/mule/vm"
      xmlns:context="http://www.springframework.org/schema/context"
      xmlns:spring="http://www.springframework.org/schema/beans"
      xmlns:http="http://www.mulesoft.org/schema/mule/http"
      xmlns:jdbc="http://www.mulesoft.org/schema/mule/jdbc"
      xmlns:file="http://www.mulesoft.org/schema/mule/file"
      xmlns:jms="http://www.mulesoft.org/schema/mule/jms"
      xmlns:mule-xml="http://www.mulesoft.org/schema/mule/xml"
      xsi:schemaLocation="
        http://www.mulesoft.org/schema/mule/core http://www.mulesoft.org/schema/mule/core/current/mule.xsd
        http://www.mulesoft.org/schema/mule/vm http://www.mulesoft.org/schema/mule/vm/current/mule-vm.xsd
        http://www.mulesoft.org/schema/mule/http http://www.mulesoft.org/schema/mule/http/current/mule-http.xsd
        http://www.mulesoft.org/schema/mule/file http://www.mulesoft.org/schema/mule/file/current/mule-file.xsd
        http://www.mulesoft.org/schema/mule/jms http://www.mulesoft.org/schema/mule/jms/current/mule-jms.xsd
        http://www.mulesoft.org/schema/mule/jdbc http://www.mulesoft.org/schema/mule/jdbc/current/mule-jdbc.xsd
        http://www.springframework.org/schema/context http://www.springframework.org/schema/context/spring-context-3.0.xsd
        http://www.mulesoft.org/schema/mule/xml http://www.mulesoft.org/schema/mule/xml/current/mule-xml.xsd
        http://www.springframework.org/schema/beans http://www.springframework.org/schema/beans/spring-beans-2.5.xsd
      ">

    <context:property-placeholder location="/mule.properties"/>

    <jms:activemq-connector name="jmsConnector"
                            specification="1.1"
                            brokerURL="vm://localhost"/>

    <!--<start id="ch03_jdbc-inbound_lis"/>-->
    <spring:bean id="dataSource"
 class="org.springframework.jdbc.datasource.DriverManagerDataSource">
        <spring:property name="driverClassName"
                         value="${jdbc.driver}"/>
        <spring:property name="url"
                         value="${jdbc.url}"/>
        <spring:property name="username" value="${jdbc.username}"/>
        <spring:property name="password" value="${jdbc.password}"/>
    </spring:bean><!--<co id="ch03_jdbc-inbound-1_cor"/>-->

    <jdbc:connector name="jdbcConnector" dataSource-ref="dataSource"> <!--<co id="ch03_jdbc-inbound-2_cor"/>-->
        <jdbc:query key="stuckOrderQuery"
value="SELECT id FROM orders WHERE TIMESTAMP(timestamp)&#xD;
 &lt; {fn TIMESTAMPADD( SQL_TSI_DAY, -1, CURRENT_TIMESTAMP)}"/><!--<co id="ch03_jdbc-inbound-3_cor"/>-->
    </jdbc:connector>

    <flow name="pollForStuckOrders">
        <jdbc:inbound-endpoint pollingFrequency="3600000"
                               queryKey="stuckOrderQuery"
                               connector-ref="jdbcConnector"/><!--<co id="ch03_jdbc-inbound-4_cor"/>-->
        <jms:outbound-endpoint topic="orders.status.stuck"/>
    </flow>
    <!--<end id="ch03_jdbc-inbound_lis"/>-->


</mule>
