<?xml version="1.0" encoding="UTF-8"?>
<mule xmlns="http://www.mulesoft.org/schema/mule/core"
      xmlns:xsi="http://www.w3.org/2001/XMLSchema-instance"
      xmlns:http="http://www.mulesoft.org/schema/mule/http"
      xmlns:jersey="http://www.mulesoft.org/schema/mule/jersey"
      xmlns:cxf="http://www.mulesoft.org/schema/mule/cxf"
      xsi:schemaLocation="
        http://www.mulesoft.org/schema/mule/core http://www.mulesoft.org/schema/mule/core/current/mule.xsd
        http://www.mulesoft.org/schema/mule/http http://www.mulesoft.org/schema/mule/http/current/mule-http.xsd
        http://www.mulesoft.org/schema/mule/jersey http://www.mulesoft.org/schema/mule/jersey/current/mule-jersey.xsd
        http://www.mulesoft.org/schema/mule/cxf http://www.mulesoft.org/schema/mule/cxf/current/mule-cxf.xsd
        ">

    <description>
        Web Services Examples for Mule in Action 2nd Ed.
    </description>

    <!--<start id="ch03_brew_soap_lis"/>-->
    <flow name="brewSoapService">
        <http:inbound-endpoint address="http://localhost:8090/soap"
                               exchange-pattern="request-response"/> <!--<co id="ch03_brew_soap-1_cor"/>-->
        <cxf:simple-service
                serviceClass="com.prancingdonkey.service.BrewService"/><!--<co id="ch03_brew_soap-2_cor"/>-->
        <component class="com.prancingdonkey.service.BrewServiceImpl"/><!--<co id="ch03_brew_soap-3_cor"/> -->
    </flow>
    <!--<end id="ch03_brew_soap_lis"/>-->


    <!--<start id="ch03_brew_res_lis"/>-->
    <flow name="brewRestService">
        <http:inbound-endpoint address="http://localhost:8091/rest"
                               exchange-pattern="request-response"/>
        <!--<co id="ch03_brew_res_lis-1_cor"/>-->
        <jersey:resources>
            <component class="com.prancingdonkey.service.BrewServiceImpl"/>
            <!--<co id="ch03_brew_res_lis-2_cor"/>-->
        </jersey:resources>
    </flow>
    <!--<end id="ch03_brew_res_lis"/>-->


</mule>
        
        
