<?xml version="1.0" encoding="UTF-8"?>

<mule xmlns:jms="http://www.mulesoft.org/schema/mule/jms" xmlns="http://www.mulesoft.org/schema/mule/core"
      xmlns:http="http://www.mulesoft.org/schema/mule/http"
      xmlns:file="http://www.mulesoft.org/schema/mule/file"
      xmlns:cxf="http://www.mulesoft.org/schema/mule/cxf"
      xmlns:sfdc="http://www.mulesoft.org/schema/mule/sfdc"
      xmlns:doc="http://www.mulesoft.org/schema/mule/documentation"
      xmlns:spring="http://www.springframework.org/schema/beans"
      xmlns:core="http://www.mulesoft.org/schema/mule/core"
      xmlns:salesforce="http://www.mulesoft.org/schema/mule/sfdc"
      version="EE-3.3.1"
      xmlns:xsi="http://www.w3.org/2001/XMLSchema-instance"
      xsi:schemaLocation="
http://www.mulesoft.org/schema/mule/http http://www.mulesoft.org/schema/mule/http/current/mule-http.xsd
http://www.mulesoft.org/schema/mule/file http://www.mulesoft.org/schema/mule/file/current/mule-file.xsd
http://www.mulesoft.org/schema/mule/cxf http://www.mulesoft.org/schema/mule/cxf/current/mule-cxf.xsd
http://www.mulesoft.org/schema/mule/jms http://www.mulesoft.org/schema/mule/jms/current/mule-jms.xsd
http://www.mulesoft.org/schema/mule/sfdc http://www.mulesoft.org/schema/mule/sfdc/current/mule-sfdc.xsd
http://www.springframework.org/schema/beans http://www.springframework.org/schema/beans/spring-beans-current.xsd
http://www.mulesoft.org/schema/mule/core http://www.mulesoft.org/schema/mule/core/current/mule.xsd
http://www.mulesoft.org/schema/mule/sfdc http://www.mulesoft.org/schema/mule/sfdc/current/mule-sfdc.xsd "
      xmlns:vm="http://www.mulesoft.org/schema/mule/https">

    <sfdc:config name="sfconfig" username="username" password="password" securityToken="TOKEN"
                 doc:name="SalesForce Configuration" doc:description="Global configuration for Salesforce operations"/>
    <cxf:configuration initializeStaticBusInstance="false" doc:name="CXF Configuration"
                       doc:description="Global CXF Configuration"/>


    <jms:activemq-connector name="jmsConnector"
                            specification="1.1"
                            brokerURL="vm://localhost"/>

    <!--<start id="order_back_lis"/>-->

    <flow name="orderProcessing">
        <jms:inbound-endpoint queue="order.submit">
            <jms:transaction action="ALWAYS_BEGIN"/><!--<co id="order_back-1-co"/>-->
        </jms:inbound-endpoint>
        <all>
            <jms:outbound-endpoint queue="crm.customer.create">
                <jms:transaction action="ALWAYS_JOIN"/> <!--<co id="order_back-2-co"/>-->
            </jms:outbound-endpoint>
            <jms:outbound-endpoint queue="erp.order.record">
                <jms:transaction action="ALWAYS_JOIN"/> <!--<co id="order_back-3-co"/>-->
            </jms:outbound-endpoint>
        </all>
    </flow>

    <flow name="orderCompletion">
        <jms:inbound-endpoint queue="order.complete">
            <jms:transaction action="ALWAYS_BEGIN"/>
        </jms:inbound-endpoint>
        <collection-aggregator timeout="60000"
                               failOnTimeout="false"/> <!--<co id="order_back-4-co"/>-->
        <jms:outbound-endpoint topic="events.orders.completed"><!--<co id="order_back-5-co"/>-->
            <jms:transaction action="ALWAYS_JOIN"/>
        </jms:outbound-endpoint>
    </flow>

    <!--<end id="order_back_lis"/>-->

</mule>
