<?xml version="1.0" encoding="UTF-8"?>

<mule xmlns="http://www.mulesoft.org/schema/mule/core"
      xmlns:xsi="http://www.w3.org/2001/XMLSchema-instance"
      xmlns:spring="http://www.springframework.org/schema/beans"
      xmlns:jms="http://www.mulesoft.org/schema/mule/jms"
      xmlns:quartz="http://www.mulesoft.org/schema/mule/quartz"

      xmlns:mulexml="http://www.mulesoft.org/schema/mule/xml"
      xmlns:esper="http://www.mulesoft.org/schema/mule/esper"
      xsi:schemaLocation="
        http://www.springframework.org/schema/beans http://www.springframework.org/schema/beans/spring-beans-3.0.xsd
        http://www.mulesoft.org/schema/mule/core http://www.mulesoft.org/schema/mule/core/3.2/mule.xsd
        http://www.mulesoft.org/schema/mule/quartz http://www.mulesoft.org/schema/mule/quartz/3.2/mule-quartz.xsd
        http://www.mulesoft.org/schema/mule/jms http://www.mulesoft.org/schema/mule/jms/3.2/mule-jms.xsd
        ">


    <jms:activemq-connector name="jmsConnector"
                            specification="1.1"
                            brokerURL="vm://localhost"/>

    <!--<start id="quartz_config_lis"/>-->
    <flow name="firstOfMonthEventGenerator">
        <quartz:inbound-endpoint
                jobName="firstOfMonth"
                cronExpression="0 0 0 1 * ?"><!--<co id="quartz_config-1-co"/>-->
            <quartz:event-generator-job><!--<co id="quartz_config-2-co"/>-->
                <quartz:payload>FIRST_OF_THE_MONTH_EVENT</quartz:payload>
            </quartz:event-generator-job>
        </quartz:inbound-endpoint>
        <jms:outbound-endpoint topic="events.trigger">
            <jms:transaction action="ALWAYS_BEGIN"/>
        </jms:outbound-endpoint>
    </flow>
    <!--<end id="quartz_config_lis"/>-->


</mule>
